areaCode,areaName,areaType,date,cumDailyNsoDeathsByDeathDate,hospitalCases,newCasesBySpecimenDate
E92000001,England,nation,2021-12-07,,6027.0,
E92000001,England,nation,2021-12-06,,5992.0,10661.0
E92000001,England,nation,2021-12-05,,5903.0,30941.0
E92000001,England,nation,2021-12-04,,5784.0,30342.0
E92000001,England,nation,2021-12-03,,5851.0,37366.0
E92000001,England,nation,2021-12-02,,5915.0,41465.0
E92000001,England,nation,2021-12-01,,5829.0,45706.0
E92000001,England,nation,2021-11-30,,6123.0,46254.0
E92000001,England,nation,2021-11-29,,6094.0,46489.0
E92000001,England,nation,2021-11-28,,5890.0,33010.0
E92000001,England,nation,2021-11-27,,5852.0,27739.0
E92000001,England,nation,2021-11-26,146563.0,5992.0,32849.0
E92000001,England,nation,2021-11-25,146509.0,6068.0,36210.0
E92000001,England,nation,2021-11-24,146424.0,6062.0,38880.0
E92000001,England,nation,2021-11-23,146345.0,6257.0,40072.0
E92000001,England,nation,2021-11-22,146251.0,6424.0,41894.0
E92000001,England,nation,2021-11-21,146168.0,6322.0,31038.0
E92000001,England,nation,2021-11-20,146082.0,6191.0,29205.0
E92000001,England,nation,2021-11-19,145988.0,6310.0,32461.0
E92000001,England,nation,2021-11-18,145891.0,6336.0,36226.0
E92000001,England,nation,2021-11-17,145796.0,6412.0,37422.0
E92000001,England,nation,2021-11-16,145708.0,6623.0,37681.0
E92000001,England,nation,2021-11-15,145584.0,6864.0,41520.0
E92000001,England,nation,2021-11-14,145460.0,6707.0,28906.0
E92000001,England,nation,2021-11-13,145361.0,6639.0,26798.0
E92000001,England,nation,2021-11-12,145249.0,6777.0,30562.0
E92000001,England,nation,2021-11-11,145151.0,6861.0,32901.0
E92000001,England,nation,2021-11-10,145034.0,6961.0,34559.0
E92000001,England,nation,2021-11-09,144910.0,7053.0,33884.0
E92000001,England,nation,2021-11-08,144785.0,7075.0,35283.0
E92000001,England,nation,2021-11-07,144662.0,6910.0,24879.0
E92000001,England,nation,2021-11-06,144548.0,6874.0,22054.0
E92000001,England,nation,2021-11-05,144417.0,7072.0,23831.0
E92000001,England,nation,2021-11-04,144296.0,7201.0,26064.0
E92000001,England,nation,2021-11-03,144169.0,7291.0,28422.0
E92000001,England,nation,2021-11-02,144041.0,7510.0,30415.0
E92000001,England,nation,2021-11-01,143916.0,7535.0,36744.0
E92000001,England,nation,2021-10-31,143777.0,7311.0,28899.0
E92000001,England,nation,2021-10-30,143634.0,7155.0,27683.0
E92000001,England,nation,2021-10-29,143516.0,7113.0,33263.0
E92000001,England,nation,2021-10-28,143389.0,7019.0,34355.0
E92000001,England,nation,2021-10-27,143238.0,6951.0,35766.0
E92000001,England,nation,2021-10-26,143105.0,6883.0,34548.0
E92000001,England,nation,2021-10-25,142979.0,6801.0,39131.0
E92000001,England,nation,2021-10-24,142860.0,6515.0,29488.0
E92000001,England,nation,2021-10-23,142743.0,6386.0,29177.0
E92000001,England,nation,2021-10-22,142619.0,6405.0,33803.0
E92000001,England,nation,2021-10-21,142509.0,6366.0,37788.0
E92000001,England,nation,2021-10-20,142397.0,6299.0,43111.0
E92000001,England,nation,2021-10-19,142287.0,6099.0,43693.0
E92000001,England,nation,2021-10-18,142181.0,5938.0,48246.0
E92000001,England,nation,2021-10-17,142087.0,5623.0,36771.0
E92000001,England,nation,2021-10-16,141983.0,5385.0,31036.0
E92000001,England,nation,2021-10-15,141880.0,5363.0,35919.0
E92000001,England,nation,2021-10-14,141774.0,5289.0,38466.0
E92000001,England,nation,2021-10-13,141663.0,5246.0,39759.0
E92000001,England,nation,2021-10-12,141567.0,5213.0,40064.0
E92000001,England,nation,2021-10-11,141473.0,5206.0,42281.0
E92000001,England,nation,2021-10-10,141378.0,5077.0,30923.0
E92000001,England,nation,2021-10-09,141298.0,4921.0,26602.0
E92000001,England,nation,2021-10-08,141206.0,4975.0,29265.0
E92000001,England,nation,2021-10-07,141114.0,4962.0,31565.0
E92000001,England,nation,2021-10-06,141019.0,5009.0,31917.0
E92000001,England,nation,2021-10-05,140944.0,5006.0,31593.0
E92000001,England,nation,2021-10-04,140854.0,4909.0,35789.0
E92000001,England,nation,2021-10-03,140774.0,4778.0,26627.0
E92000001,England,nation,2021-10-02,140698.0,4652.0,21442.0
E92000001,England,nation,2021-10-01,140627.0,4799.0,23671.0
E92000001,England,nation,2021-09-30,140526.0,4916.0,26247.0
E92000001,England,nation,2021-09-29,140434.0,5017.0,28141.0
E92000001,England,nation,2021-09-28,140343.0,5126.0,29022.0
E92000001,England,nation,2021-09-27,140259.0,5121.0,33901.0
E92000001,England,nation,2021-09-26,140179.0,4949.0,26269.0
E92000001,England,nation,2021-09-25,140104.0,5100.0,22658.0
E92000001,England,nation,2021-09-24,140016.0,5036.0,25220.0
E92000001,England,nation,2021-09-23,139920.0,5214.0,27715.0
E92000001,England,nation,2021-09-22,139814.0,5406.0,28188.0
E92000001,England,nation,2021-09-21,139703.0,5543.0,29952.0
E92000001,England,nation,2021-09-20,139608.0,5727.0,31457.0
E92000001,England,nation,2021-09-19,139495.0,5695.0,24263.0
E92000001,England,nation,2021-09-18,139398.0,5688.0,20521.0
E92000001,England,nation,2021-09-17,139297.0,5910.0,21914.0
E92000001,England,nation,2021-09-16,139170.0,6081.0,21733.0
E92000001,England,nation,2021-09-15,139056.0,6306.0,21955.0
E92000001,England,nation,2021-09-14,138938.0,6344.0,22143.0
E92000001,England,nation,2021-09-13,138818.0,6424.0,24639.0
E92000001,England,nation,2021-09-12,138743.0,6253.0,17510.0
E92000001,England,nation,2021-09-11,138641.0,6206.0,16605.0
E92000001,England,nation,2021-09-10,138534.0,6400.0,20531.0
E92000001,England,nation,2021-09-09,138425.0,6254.0,23905.0
E92000001,England,nation,2021-09-08,138289.0,6302.0,25062.0
E92000001,England,nation,2021-09-07,138176.0,6244.0,27347.0
E92000001,England,nation,2021-09-06,138051.0,6375.0,32373.0
E92000001,England,nation,2021-09-05,137926.0,6167.0,22975.0
E92000001,England,nation,2021-09-04,137809.0,6043.0,22965.0
E92000001,England,nation,2021-09-03,137694.0,6195.0,28112.0
E92000001,England,nation,2021-09-02,137572.0,6186.0,29979.0
E92000001,England,nation,2021-09-01,137469.0,6236.0,30937.0
E92000001,England,nation,2021-08-31,137370.0,6293.0,32854.0
E92000001,England,nation,2021-08-30,137274.0,6002.0,24399.0
E92000001,England,nation,2021-08-29,137182.0,5855.0,18738.0
E92000001,England,nation,2021-08-28,137070.0,5756.0,19693.0
E92000001,England,nation,2021-08-27,136966.0,5889.0,23713.0
E92000001,England,nation,2021-08-26,136854.0,5893.0,25897.0
E92000001,England,nation,2021-08-25,136749.0,5922.0,27253.0
E92000001,England,nation,2021-08-24,136665.0,5911.0,27552.0
E92000001,England,nation,2021-08-23,136562.0,6000.0,29666.0
E92000001,England,nation,2021-08-22,136466.0,5749.0,21957.0
E92000001,England,nation,2021-08-21,136359.0,5575.0,22146.0
E92000001,England,nation,2021-08-20,136267.0,5576.0,25008.0
E92000001,England,nation,2021-08-19,136161.0,5554.0,28397.0
E92000001,England,nation,2021-08-18,136064.0,5514.0,30694.0
E92000001,England,nation,2021-08-17,135977.0,5437.0,30334.0
E92000001,England,nation,2021-08-16,135892.0,5429.0,30154.0
E92000001,England,nation,2021-08-15,135816.0,5115.0,20838.0
E92000001,England,nation,2021-08-14,135741.0,4973.0,20920.0
E92000001,England,nation,2021-08-13,135657.0,5076.0,24466.0
E92000001,England,nation,2021-08-12,135578.0,5029.0,27071.0
E92000001,England,nation,2021-08-11,135490.0,5073.0,28492.0
E92000001,England,nation,2021-08-10,135415.0,5096.0,26983.0
E92000001,England,nation,2021-08-09,135344.0,5098.0,27629.0
E92000001,England,nation,2021-08-08,135270.0,4939.0,19707.0
E92000001,England,nation,2021-08-07,135206.0,4817.0,19506.0
E92000001,England,nation,2021-08-06,135116.0,4879.0,24298.0
E92000001,England,nation,2021-08-05,135033.0,4894.0,27512.0
E92000001,England,nation,2021-08-04,134945.0,4944.0,28244.0
E92000001,England,nation,2021-08-03,134867.0,5116.0,26413.0
E92000001,England,nation,2021-08-02,134797.0,5309.0,25977.0
E92000001,England,nation,2021-08-01,134722.0,5090.0,18220.0
E92000001,England,nation,2021-07-31,134649.0,5057.0,18005.0
E92000001,England,nation,2021-07-30,134577.0,5111.0,21586.0
E92000001,England,nation,2021-07-29,134490.0,5056.0,24792.0
E92000001,England,nation,2021-07-28,134418.0,5182.0,26345.0
E92000001,England,nation,2021-07-27,134348.0,5163.0,25436.0
E92000001,England,nation,2021-07-26,134289.0,5055.0,25927.0
E92000001,England,nation,2021-07-25,134220.0,4725.0,19234.0
E92000001,England,nation,2021-07-24,134160.0,4476.0,19845.0
E92000001,England,nation,2021-07-23,134102.0,4401.0,24011.0
E92000001,England,nation,2021-07-22,134035.0,4230.0,27169.0
E92000001,England,nation,2021-07-21,133962.0,4063.0,31046.0
E92000001,England,nation,2021-07-20,133914.0,3894.0,35119.0
E92000001,England,nation,2021-07-19,133862.0,3813.0,42439.0
E92000001,England,nation,2021-07-18,133788.0,3546.0,32495.0
E92000001,England,nation,2021-07-17,133730.0,3442.0,34638.0
E92000001,England,nation,2021-07-16,133681.0,3367.0,50133.0
E92000001,England,nation,2021-07-15,133638.0,3241.0,56370.0
E92000001,England,nation,2021-07-14,133595.0,3110.0,49282.0
E92000001,England,nation,2021-07-13,133559.0,2970.0,42309.0
E92000001,England,nation,2021-07-12,133520.0,2798.0,39639.0
E92000001,England,nation,2021-07-11,133488.0,2564.0,26939.0
E92000001,England,nation,2021-07-10,133461.0,2429.0,24925.0
E92000001,England,nation,2021-07-09,133427.0,2352.0,28459.0
E92000001,England,nation,2021-07-08,133388.0,2209.0,29278.0
E92000001,England,nation,2021-07-07,133359.0,2144.0,33513.0
E92000001,England,nation,2021-07-06,133331.0,1998.0,30963.0
E92000001,England,nation,2021-07-05,133309.0,1888.0,29528.0
E92000001,England,nation,2021-07-04,133288.0,1744.0,21321.0
E92000001,England,nation,2021-07-03,133265.0,1636.0,20205.0
E92000001,England,nation,2021-07-02,133238.0,1611.0,21742.0
E92000001,England,nation,2021-07-01,133212.0,1560.0,23614.0
E92000001,England,nation,2021-06-30,133187.0,1500.0,23402.0
E92000001,England,nation,2021-06-29,133164.0,1445.0,22676.0
E92000001,England,nation,2021-06-28,133143.0,1465.0,22880.0
E92000001,England,nation,2021-06-27,133130.0,1331.0,15043.0
E92000001,England,nation,2021-06-26,133110.0,1276.0,13181.0
E92000001,England,nation,2021-06-25,133100.0,1284.0,14518.0
E92000001,England,nation,2021-06-24,133080.0,1274.0,14709.0
E92000001,England,nation,2021-06-23,133058.0,1255.0,14397.0
E92000001,England,nation,2021-06-22,133052.0,1301.0,13217.0
E92000001,England,nation,2021-06-21,133040.0,1290.0,12406.0
E92000001,England,nation,2021-06-20,133029.0,1168.0,8009.0
E92000001,England,nation,2021-06-19,133009.0,1143.0,6940.0
E92000001,England,nation,2021-06-18,132992.0,1170.0,8506.0
E92000001,England,nation,2021-06-17,132978.0,1122.0,9200.0
E92000001,England,nation,2021-06-16,132971.0,1057.0,9155.0
E92000001,England,nation,2021-06-15,132959.0,1030.0,8867.0
E92000001,England,nation,2021-06-14,132944.0,993.0,8690.0
E92000001,England,nation,2021-06-13,132933.0,947.0,5909.0
E92000001,England,nation,2021-06-12,132924.0,915.0,5256.0
E92000001,England,nation,2021-06-11,132914.0,884.0,6337.0
E92000001,England,nation,2021-06-10,132903.0,906.0,6528.0
E92000001,England,nation,2021-06-09,132887.0,876.0,6719.0
E92000001,England,nation,2021-06-08,132873.0,879.0,6426.0
E92000001,England,nation,2021-06-07,132860.0,860.0,6595.0
E92000001,England,nation,2021-06-06,132855.0,807.0,4611.0
E92000001,England,nation,2021-06-05,132843.0,782.0,3861.0
E92000001,England,nation,2021-06-04,132839.0,805.0,4738.0
E92000001,England,nation,2021-06-03,132826.0,779.0,4973.0
E92000001,England,nation,2021-06-02,132812.0,801.0,4920.0
E92000001,England,nation,2021-06-01,132802.0,776.0,4334.0
E92000001,England,nation,2021-05-31,132793.0,773.0,3064.0
E92000001,England,nation,2021-05-30,132783.0,755.0,2532.0
E92000001,England,nation,2021-05-29,132776.0,748.0,2392.0
E92000001,England,nation,2021-05-28,132767.0,743.0,2826.0
E92000001,England,nation,2021-05-27,132755.0,742.0,2962.0
E92000001,England,nation,2021-05-26,132747.0,745.0,3068.0
E92000001,England,nation,2021-05-25,132735.0,765.0,2690.0
E92000001,England,nation,2021-05-24,132728.0,797.0,2618.0
E92000001,England,nation,2021-05-23,132715.0,756.0,1842.0
E92000001,England,nation,2021-05-22,132701.0,730.0,1536.0
E92000001,England,nation,2021-05-21,132698.0,766.0,1799.0
E92000001,England,nation,2021-05-20,132682.0,749.0,1914.0
E92000001,England,nation,2021-05-19,132676.0,757.0,2172.0
E92000001,England,nation,2021-05-18,132673.0,749.0,2140.0
E92000001,England,nation,2021-05-17,132664.0,798.0,2243.0
E92000001,England,nation,2021-05-16,132653.0,801.0,1521.0
E92000001,England,nation,2021-05-15,132643.0,810.0,1260.0
E92000001,England,nation,2021-05-14,132630.0,818.0,1457.0
E92000001,England,nation,2021-05-13,132621.0,845.0,1656.0
E92000001,England,nation,2021-05-12,132611.0,907.0,1768.0
E92000001,England,nation,2021-05-11,132598.0,921.0,1746.0
E92000001,England,nation,2021-05-10,132579.0,944.0,2175.0
E92000001,England,nation,2021-05-09,132572.0,933.0,1849.0
E92000001,England,nation,2021-05-08,132561.0,948.0,1203.0
E92000001,England,nation,2021-05-07,132544.0,973.0,1561.0
E92000001,England,nation,2021-05-06,132529.0,976.0,1808.0
E92000001,England,nation,2021-05-05,132515.0,1032.0,2041.0
E92000001,England,nation,2021-05-04,132495.0,1093.0,2044.0
E92000001,England,nation,2021-05-03,132481.0,1096.0,1695.0
E92000001,England,nation,2021-05-02,132464.0,1082.0,1215.0
E92000001,England,nation,2021-05-01,132449.0,1071.0,1129.0
E92000001,England,nation,2021-04-30,132436.0,1161.0,1412.0
E92000001,England,nation,2021-04-29,132420.0,1235.0,1763.0
E92000001,England,nation,2021-04-28,132405.0,1278.0,2018.0
E92000001,England,nation,2021-04-27,132386.0,1310.0,1693.0
E92000001,England,nation,2021-04-26,132363.0,1393.0,2093.0
E92000001,England,nation,2021-04-25,132344.0,1377.0,1775.0
E92000001,England,nation,2021-04-24,132323.0,1401.0,1202.0
E92000001,England,nation,2021-04-23,132304.0,1478.0,1580.0
E92000001,England,nation,2021-04-22,132281.0,1523.0,1884.0
E92000001,England,nation,2021-04-21,132253.0,1609.0,2128.0
E92000001,England,nation,2021-04-20,132228.0,1649.0,1942.0
E92000001,England,nation,2021-04-19,132198.0,1732.0,2128.0
E92000001,England,nation,2021-04-18,132181.0,1691.0,2129.0
E92000001,England,nation,2021-04-17,132154.0,1735.0,1308.0
E92000001,England,nation,2021-04-16,132120.0,1844.0,1810.0
E92000001,England,nation,2021-04-15,132092.0,1885.0,1804.0
E92000001,England,nation,2021-04-14,132056.0,1972.0,1945.0
E92000001,England,nation,2021-04-13,132031.0,2057.0,1908.0
E92000001,England,nation,2021-04-12,131994.0,2108.0,2235.0
E92000001,England,nation,2021-04-11,131959.0,2096.0,1902.0
E92000001,England,nation,2021-04-10,131927.0,2190.0,1888.0
E92000001,England,nation,2021-04-09,131891.0,2321.0,2314.0
E92000001,England,nation,2021-04-08,131859.0,2382.0,2481.0
E92000001,England,nation,2021-04-07,131808.0,2486.0,2590.0
E92000001,England,nation,2021-04-06,131771.0,2588.0,2565.0
E92000001,England,nation,2021-04-05,131734.0,2680.0,2190.0
E92000001,England,nation,2021-04-04,131699.0,2672.0,1923.0
E92000001,England,nation,2021-04-03,131649.0,2677.0,2013.0
E92000001,England,nation,2021-04-02,131617.0,2784.0,2128.0
E92000001,England,nation,2021-04-01,131579.0,2928.0,2866.0
E92000001,England,nation,2021-03-31,131525.0,3084.0,3148.0
E92000001,England,nation,2021-03-30,131461.0,3283.0,2956.0
E92000001,England,nation,2021-03-29,131413.0,3466.0,3197.0
E92000001,England,nation,2021-03-28,131358.0,3438.0,4102.0
E92000001,England,nation,2021-03-27,131316.0,3676.0,2946.0
E92000001,England,nation,2021-03-26,131261.0,3712.0,3628.0
E92000001,England,nation,2021-03-25,131200.0,3763.0,4451.0
E92000001,England,nation,2021-03-24,131133.0,4005.0,5116.0
E92000001,England,nation,2021-03-23,131075.0,4245.0,4346.0
E92000001,England,nation,2021-03-22,130993.0,4501.0,5149.0
E92000001,England,nation,2021-03-21,130907.0,4492.0,4518.0
E92000001,England,nation,2021-03-20,130801.0,4589.0,3371.0
E92000001,England,nation,2021-03-19,130714.0,4841.0,4142.0
E92000001,England,nation,2021-03-18,130634.0,5083.0,4526.0
E92000001,England,nation,2021-03-17,130549.0,5397.0,4850.0
E92000001,England,nation,2021-03-16,130445.0,5664.0,4743.0
E92000001,England,nation,2021-03-15,130351.0,5976.0,5442.0
E92000001,England,nation,2021-03-14,130232.0,6039.0,3586.0
E92000001,England,nation,2021-03-13,130120.0,6072.0,3456.0
E92000001,England,nation,2021-03-12,129998.0,6391.0,4621.0
E92000001,England,nation,2021-03-11,129882.0,6687.0,4690.0
E92000001,England,nation,2021-03-10,129730.0,6975.0,5013.0
E92000001,England,nation,2021-03-09,129596.0,7451.0,5220.0
E92000001,England,nation,2021-03-08,129436.0,7847.0,5571.0
E92000001,England,nation,2021-03-07,129271.0,7812.0,3543.0
E92000001,England,nation,2021-03-06,129099.0,8021.0,3708.0
E92000001,England,nation,2021-03-05,128921.0,8594.0,4552.0
E92000001,England,nation,2021-03-04,128718.0,9092.0,4799.0
E92000001,England,nation,2021-03-03,128515.0,9594.0,5104.0
E92000001,England,nation,2021-03-02,128329.0,10121.0,5685.0
E92000001,England,nation,2021-03-01,128119.0,10765.0,5892.0
E92000001,England,nation,2021-02-28,127869.0,10663.0,3958.0
E92000001,England,nation,2021-02-27,127614.0,11090.0,4104.0
E92000001,England,nation,2021-02-26,127351.0,11781.0,5670.0
E92000001,England,nation,2021-02-25,127092.0,12449.0,6620.0
E92000001,England,nation,2021-02-24,126789.0,13007.0,7307.0
E92000001,England,nation,2021-02-23,126474.0,13511.0,8148.0
E92000001,England,nation,2021-02-22,126142.0,14137.0,9857.0
E92000001,England,nation,2021-02-21,125820.0,14142.0,6800.0
E92000001,England,nation,2021-02-20,125465.0,14316.0,6896.0
E92000001,England,nation,2021-02-19,125080.0,15018.0,8884.0
E92000001,England,nation,2021-02-18,124692.0,15633.0,9912.0
E92000001,England,nation,2021-02-17,124238.0,16458.0,10027.0
E92000001,England,nation,2021-02-16,123802.0,17093.0,10816.0
E92000001,England,nation,2021-02-15,123304.0,17730.0,12469.0
E92000001,England,nation,2021-02-14,122757.0,17787.0,7535.0
E92000001,England,nation,2021-02-13,122240.0,17694.0,7743.0
E92000001,England,nation,2021-02-12,121731.0,19009.0,10573.0
E92000001,England,nation,2021-02-11,121187.0,19983.0,11229.0
E92000001,England,nation,2021-02-10,120598.0,20926.0,11847.0
E92000001,England,nation,2021-02-09,119970.0,22067.0,12246.0
E92000001,England,nation,2021-02-08,119342.0,23020.0,13854.0
E92000001,England,nation,2021-02-07,118643.0,22991.0,10160.0
E92000001,England,nation,2021-02-06,117980.0,23042.0,10590.0
E92000001,England,nation,2021-02-05,117297.0,24402.0,13981.0
E92000001,England,nation,2021-02-04,116528.0,25334.0,16158.0
E92000001,England,nation,2021-02-03,115793.0,26374.0,17410.0
E92000001,England,nation,2021-02-02,114927.0,27397.0,17662.0
E92000001,England,nation,2021-02-01,114076.0,28539.0,20111.0
E92000001,England,nation,2021-01-31,113185.0,28112.0,13710.0
E92000001,England,nation,2021-01-30,112289.0,28571.0,15003.0
E92000001,England,nation,2021-01-29,111367.0,29359.0,19689.0
E92000001,England,nation,2021-01-28,110364.0,30333.0,21847.0
E92000001,England,nation,2021-01-27,109255.0,30846.0,23238.0
E92000001,England,nation,2021-01-26,108151.0,32337.0,24433.0
E92000001,England,nation,2021-01-25,107107.0,32938.0,27111.0
E92000001,England,nation,2021-01-24,105960.0,32907.0,15454.0
E92000001,England,nation,2021-01-23,104879.0,32614.0,19875.0
E92000001,England,nation,2021-01-22,103734.0,33412.0,26917.0
E92000001,England,nation,2021-01-21,102548.0,33235.0,28753.0
E92000001,England,nation,2021-01-20,101347.0,33886.0,31749.0
E92000001,England,nation,2021-01-19,100114.0,34015.0,35965.0
E92000001,England,nation,2021-01-18,98790.0,34336.0,40718.0
E92000001,England,nation,2021-01-17,97551.0,33352.0,26208.0
E92000001,England,nation,2021-01-16,96325.0,32923.0,27652.0
E92000001,England,nation,2021-01-15,95087.0,33362.0,36784.0
E92000001,England,nation,2021-01-14,93927.0,32925.0,38533.0
E92000001,England,nation,2021-01-13,92762.0,32689.0,41162.0
E92000001,England,nation,2021-01-12,91605.0,32202.0,44678.0
E92000001,England,nation,2021-01-11,90435.0,32070.0,52023.0
E92000001,England,nation,2021-01-10,89364.0,30758.0,32860.0
E92000001,England,nation,2021-01-09,88337.0,29462.0,35448.0
E92000001,England,nation,2021-01-08,87364.0,29346.0,42335.0
E92000001,England,nation,2021-01-07,86442.0,28246.0,46856.0
E92000001,England,nation,2021-01-06,85527.0,27727.0,51317.0
E92000001,England,nation,2021-01-05,84645.0,26467.0,58040.0
E92000001,England,nation,2021-01-04,83792.0,26626.0,69111.0
E92000001,England,nation,2021-01-03,83003.0,24957.0,49510.0
E92000001,England,nation,2021-01-02,82319.0,23557.0,54174.0
E92000001,England,nation,2021-01-01,81595.0,22534.0,28223.0
E92000001,England,nation,2020-12-31,80904.0,22728.0,46696.0
E92000001,England,nation,2020-12-30,80203.0,22713.0,62878.0
E92000001,England,nation,2020-12-29,79548.0,21787.0,72503.0
E92000001,England,nation,2020-12-28,78934.0,20426.0,40039.0
E92000001,England,nation,2020-12-27,78319.0,19277.0,42436.0
E92000001,England,nation,2020-12-26,77707.0,18350.0,36710.0
E92000001,England,nation,2020-12-25,77114.0,17701.0,12673.0
E92000001,England,nation,2020-12-24,76556.0,18227.0,28694.0
E92000001,England,nation,2020-12-23,76053.0,17834.0,37608.0
E92000001,England,nation,2020-12-22,75534.0,18063.0,40897.0
E92000001,England,nation,2020-12-21,74995.0,17709.0,42597.0
E92000001,England,nation,2020-12-20,74489.0,16633.0,28937.0
E92000001,England,nation,2020-12-19,74034.0,16183.0,21739.0
E92000001,England,nation,2020-12-18,73577.0,15866.0,31833.0
E92000001,England,nation,2020-12-17,73099.0,15741.0,29608.0
E92000001,England,nation,2020-12-16,72636.0,15465.0,30123.0
E92000001,England,nation,2020-12-15,72250.0,15031.0,29090.0
E92000001,England,nation,2020-12-14,71842.0,15053.0,29508.0
E92000001,England,nation,2020-12-13,71420.0,14460.0,18126.0
E92000001,England,nation,2020-12-12,71010.0,13927.0,16031.0
E92000001,England,nation,2020-12-11,70599.0,13901.0,19866.0
E92000001,England,nation,2020-12-10,70175.0,13796.0,18542.0
E92000001,England,nation,2020-12-09,69768.0,13467.0,17459.0
E92000001,England,nation,2020-12-08,69387.0,13629.0,16667.0
E92000001,England,nation,2020-12-07,68989.0,13616.0,17393.0
E92000001,England,nation,2020-12-06,68610.0,13189.0,10870.0
E92000001,England,nation,2020-12-05,68247.0,12968.0,10139.0
E92000001,England,nation,2020-12-04,67902.0,12987.0,12881.0
E92000001,England,nation,2020-12-03,67482.0,12896.0,12524.0
E92000001,England,nation,2020-12-02,67072.0,13212.0,13466.0
E92000001,England,nation,2020-12-01,66724.0,13507.0,13522.0
E92000001,England,nation,2020-11-30,66365.0,13756.0,15026.0
E92000001,England,nation,2020-11-29,65980.0,13521.0,8902.0
E92000001,England,nation,2020-11-28,65557.0,13208.0,9205.0
E92000001,England,nation,2020-11-27,65168.0,13754.0,12267.0
E92000001,England,nation,2020-11-26,64781.0,13908.0,12274.0
E92000001,England,nation,2020-11-25,64401.0,14240.0,13931.0
E92000001,England,nation,2020-11-24,63965.0,14506.0,14028.0
E92000001,England,nation,2020-11-23,63542.0,14712.0,16204.0
E92000001,England,nation,2020-11-22,63113.0,14354.0,10038.0
E92000001,England,nation,2020-11-21,62693.0,14118.0,10618.0
E92000001,England,nation,2020-11-20,62280.0,14236.0,14678.0
E92000001,England,nation,2020-11-19,61873.0,14479.0,15498.0
E92000001,England,nation,2020-11-18,61466.0,14490.0,18210.0
E92000001,England,nation,2020-11-17,61022.0,14411.0,20318.0
E92000001,England,nation,2020-11-16,60644.0,14313.0,23720.0
E92000001,England,nation,2020-11-15,60282.0,13886.0,14209.0
E92000001,England,nation,2020-11-14,59907.0,13399.0,16032.0
E92000001,England,nation,2020-11-13,59540.0,13328.0,21648.0
E92000001,England,nation,2020-11-12,59188.0,12967.0,21955.0
E92000001,England,nation,2020-11-11,58831.0,12730.0,24635.0
E92000001,England,nation,2020-11-10,58514.0,12033.0,24469.0
E92000001,England,nation,2020-11-09,58185.0,12259.0,28100.0
E92000001,England,nation,2020-11-08,57781.0,11680.0,17963.0
E92000001,England,nation,2020-11-07,57434.0,11514.0,16619.0
E92000001,England,nation,2020-11-06,57086.0,11181.0,20828.0
E92000001,England,nation,2020-11-05,56747.0,10994.0,20871.0
E92000001,England,nation,2020-11-04,56447.0,11037.0,20690.0
E92000001,England,nation,2020-11-03,56164.0,10971.0,22309.0
E92000001,England,nation,2020-11-02,55860.0,10397.0,27932.0
E92000001,England,nation,2020-11-01,55581.0,9623.0,13370.0
E92000001,England,nation,2020-10-31,55298.0,9782.0,14342.0
E92000001,England,nation,2020-10-30,55021.0,9295.0,19643.0
E92000001,England,nation,2020-10-29,54737.0,9127.0,19960.0
E92000001,England,nation,2020-10-28,54484.0,9070.0,20230.0
E92000001,England,nation,2020-10-27,54256.0,8595.0,20482.0
E92000001,England,nation,2020-10-26,54030.0,7856.0,22755.0
E92000001,England,nation,2020-10-25,53812.0,7612.0,13163.0
E92000001,England,nation,2020-10-24,53605.0,7176.0,13520.0
E92000001,England,nation,2020-10-23,53431.0,6842.0,18101.0
E92000001,England,nation,2020-10-22,53248.0,6345.0,19609.0
E92000001,England,nation,2020-10-21,53062.0,6271.0,21485.0
E92000001,England,nation,2020-10-20,52866.0,6072.0,21325.0
E92000001,England,nation,2020-10-19,52689.0,5644.0,22103.0
E92000001,England,nation,2020-10-18,52534.0,5202.0,11855.0
E92000001,England,nation,2020-10-17,52410.0,5029.0,12351.0
E92000001,England,nation,2020-10-16,52242.0,4854.0,14547.0
E92000001,England,nation,2020-10-15,52117.0,4569.0,15235.0
E92000001,England,nation,2020-10-14,51993.0,4313.0,16434.0
E92000001,England,nation,2020-10-13,51889.0,4105.0,15435.0
E92000001,England,nation,2020-10-12,51795.0,3827.0,16198.0
E92000001,England,nation,2020-10-11,51701.0,3604.0,9653.0
E92000001,England,nation,2020-10-10,51595.0,3369.0,10151.0
E92000001,England,nation,2020-10-09,51508.0,3238.0,13010.0
E92000001,England,nation,2020-10-08,51426.0,3179.0,15263.0
E92000001,England,nation,2020-10-07,51346.0,3066.0,15185.0
E92000001,England,nation,2020-10-06,51258.0,2903.0,14288.0
E92000001,England,nation,2020-10-05,51189.0,2705.0,14036.0
E92000001,England,nation,2020-10-04,51135.0,2435.0,9831.0
E92000001,England,nation,2020-10-03,51080.0,2290.0,9699.0
E92000001,England,nation,2020-10-02,51024.0,2180.0,11574.0
E92000001,England,nation,2020-10-01,50955.0,2069.0,11304.0
E92000001,England,nation,2020-09-30,50899.0,2036.0,10521.0
E92000001,England,nation,2020-09-29,50846.0,1954.0,8716.0
E92000001,England,nation,2020-09-28,50804.0,1955.0,8573.0
E92000001,England,nation,2020-09-27,50757.0,1793.0,6025.0
E92000001,England,nation,2020-09-26,50708.0,1689.0,5647.0
E92000001,England,nation,2020-09-25,50665.0,1686.0,6029.0
E92000001,England,nation,2020-09-24,50630.0,1546.0,6293.0
E92000001,England,nation,2020-09-23,50597.0,1439.0,5884.0
E92000001,England,nation,2020-09-22,50545.0,1378.0,5353.0
E92000001,England,nation,2020-09-21,50513.0,1299.0,4695.0
E92000001,England,nation,2020-09-20,50487.0,1174.0,4625.0
E92000001,England,nation,2020-09-19,50453.0,1081.0,4174.0
E92000001,England,nation,2020-09-18,50431.0,1020.0,4271.0
E92000001,England,nation,2020-09-17,50406.0,984.0,3941.0
E92000001,England,nation,2020-09-16,50372.0,929.0,3742.0
E92000001,England,nation,2020-09-15,50347.0,891.0,3040.0
E92000001,England,nation,2020-09-14,50325.0,812.0,2892.0
E92000001,England,nation,2020-09-13,50308.0,691.0,1708.0
E92000001,England,nation,2020-09-12,50290.0,663.0,2205.0
E92000001,England,nation,2020-09-11,50269.0,622.0,2858.0
E92000001,England,nation,2020-09-10,50254.0,572.0,3099.0
E92000001,England,nation,2020-09-09,50239.0,557.0,2849.0
E92000001,England,nation,2020-09-08,50229.0,535.0,3001.0
E92000001,England,nation,2020-09-07,50214.0,555.0,3460.0
E92000001,England,nation,2020-09-06,50194.0,483.0,2056.0
E92000001,England,nation,2020-09-05,50181.0,471.0,2189.0
E92000001,England,nation,2020-09-04,50169.0,474.0,2590.0
E92000001,England,nation,2020-09-03,50155.0,468.0,2661.0
E92000001,England,nation,2020-09-02,50149.0,451.0,2618.0
E92000001,England,nation,2020-09-01,50136.0,496.0,1927.0
E92000001,England,nation,2020-08-31,50127.0,495.0,1260.0
E92000001,England,nation,2020-08-30,50111.0,479.0,975.0
E92000001,England,nation,2020-08-29,50103.0,478.0,1040.0
E92000001,England,nation,2020-08-28,50095.0,469.0,1384.0
E92000001,England,nation,2020-08-27,50084.0,492.0,1326.0
E92000001,England,nation,2020-08-26,50073.0,485.0,1135.0
E92000001,England,nation,2020-08-25,50058.0,500.0,1062.0
E92000001,England,nation,2020-08-24,50039.0,522.0,1132.0
E92000001,England,nation,2020-08-23,50031.0,522.0,697.0
E92000001,England,nation,2020-08-22,50015.0,594.0,715.0
E92000001,England,nation,2020-08-21,50004.0,528.0,1007.0
E92000001,England,nation,2020-08-20,49995.0,551.0,1218.0
E92000001,England,nation,2020-08-19,49979.0,571.0,1074.0
E92000001,England,nation,2020-08-18,49969.0,597.0,924.0
E92000001,England,nation,2020-08-17,49958.0,626.0,1135.0
E92000001,England,nation,2020-08-16,49939.0,634.0,530.0
E92000001,England,nation,2020-08-15,49927.0,630.0,643.0
E92000001,England,nation,2020-08-14,49906.0,642.0,1037.0
E92000001,England,nation,2020-08-13,49891.0,652.0,1021.0
E92000001,England,nation,2020-08-12,49873.0,642.0,1095.0
E92000001,England,nation,2020-08-11,49853.0,672.0,1213.0
E92000001,England,nation,2020-08-10,49833.0,714.0,1348.0
E92000001,England,nation,2020-08-09,49810.0,611.0,555.0
E92000001,England,nation,2020-08-08,49792.0,650.0,637.0
E92000001,England,nation,2020-08-07,49774.0,711.0,865.0
E92000001,England,nation,2020-08-06,49755.0,756.0,981.0
E92000001,England,nation,2020-08-05,49738.0,805.0,942.0
E92000001,England,nation,2020-08-04,49731.0,807.0,920.0
E92000001,England,nation,2020-08-03,49711.0,842.0,936.0
E92000001,England,nation,2020-08-02,49692.0,847.0,512.0
E92000001,England,nation,2020-08-01,49677.0,879.0,494.0
E92000001,England,nation,2020-07-31,49661.0,870.0,626.0
E92000001,England,nation,2020-07-30,49635.0,898.0,856.0
E92000001,England,nation,2020-07-29,49621.0,927.0,972.0
E92000001,England,nation,2020-07-28,49600.0,944.0,778.0
E92000001,England,nation,2020-07-27,49580.0,945.0,808.0
E92000001,England,nation,2020-07-26,49564.0,965.0,515.0
E92000001,England,nation,2020-07-25,49536.0,977.0,492.0
E92000001,England,nation,2020-07-24,49516.0,1018.0,718.0
E92000001,England,nation,2020-07-23,49499.0,1095.0,728.0
E92000001,England,nation,2020-07-22,49466.0,1305.0,746.0
E92000001,England,nation,2020-07-21,49432.0,1188.0,688.0
E92000001,England,nation,2020-07-20,49402.0,1278.0,753.0
E92000001,England,nation,2020-07-19,49373.0,1301.0,414.0
E92000001,England,nation,2020-07-18,49351.0,1321.0,467.0
E92000001,England,nation,2020-07-17,49323.0,1346.0,548.0
E92000001,England,nation,2020-07-16,49292.0,1348.0,641.0
E92000001,England,nation,2020-07-15,49274.0,1489.0,725.0
E92000001,England,nation,2020-07-14,49235.0,1506.0,650.0
E92000001,England,nation,2020-07-13,49197.0,1612.0,689.0
E92000001,England,nation,2020-07-12,49155.0,1611.0,353.0
E92000001,England,nation,2020-07-11,49126.0,1640.0,421.0
E92000001,England,nation,2020-07-10,49093.0,1746.0,521.0
E92000001,England,nation,2020-07-09,49051.0,1801.0,683.0
E92000001,England,nation,2020-07-08,48995.0,1888.0,672.0
E92000001,England,nation,2020-07-07,48951.0,2010.0,559.0
E92000001,England,nation,2020-07-06,48910.0,2099.0,653.0
E92000001,England,nation,2020-07-05,48862.0,2100.0,540.0
E92000001,England,nation,2020-07-04,48818.0,2152.0,388.0
E92000001,England,nation,2020-07-03,48772.0,2294.0,541.0
E92000001,England,nation,2020-07-02,48727.0,2410.0,564.0
E92000001,England,nation,2020-07-01,48672.0,2509.0,616.0
E92000001,England,nation,2020-06-30,48628.0,2665.0,572.0
E92000001,England,nation,2020-06-29,48557.0,3024.0,667.0
E92000001,England,nation,2020-06-28,48494.0,2818.0,410.0
E92000001,England,nation,2020-06-27,48432.0,2819.0,504.0
E92000001,England,nation,2020-06-26,48371.0,2859.0,640.0
E92000001,England,nation,2020-06-25,48301.0,3066.0,637.0
E92000001,England,nation,2020-06-24,48204.0,3223.0,726.0
E92000001,England,nation,2020-06-23,48111.0,3288.0,729.0
E92000001,England,nation,2020-06-22,48022.0,3417.0,814.0
E92000001,England,nation,2020-06-21,47948.0,3373.0,549.0
E92000001,England,nation,2020-06-20,47881.0,3423.0,628.0
E92000001,England,nation,2020-06-19,47805.0,3575.0,821.0
E92000001,England,nation,2020-06-18,47729.0,3681.0,943.0
E92000001,England,nation,2020-06-17,47650.0,3826.0,910.0
E92000001,England,nation,2020-06-16,47559.0,3934.0,993.0
E92000001,England,nation,2020-06-15,47456.0,3920.0,936.0
E92000001,England,nation,2020-06-14,47364.0,3973.0,744.0
E92000001,England,nation,2020-06-13,47245.0,4000.0,788.0
E92000001,England,nation,2020-06-12,47160.0,4136.0,942.0
E92000001,England,nation,2020-06-11,47038.0,4179.0,911.0
E92000001,England,nation,2020-06-10,46930.0,4447.0,1078.0
E92000001,England,nation,2020-06-09,46788.0,4665.0,1054.0
E92000001,England,nation,2020-06-08,46661.0,4830.0,989.0
E92000001,England,nation,2020-06-07,46519.0,4820.0,666.0
E92000001,England,nation,2020-06-06,46382.0,5004.0,727.0
E92000001,England,nation,2020-06-05,46253.0,5213.0,1022.0
E92000001,England,nation,2020-06-04,46093.0,5398.0,1145.0
E92000001,England,nation,2020-06-03,45930.0,5600.0,1238.0
E92000001,England,nation,2020-06-02,45751.0,5827.0,1348.0
E92000001,England,nation,2020-06-01,45547.0,5954.0,1312.0
E92000001,England,nation,2020-05-31,45368.0,5933.0,988.0
E92000001,England,nation,2020-05-30,45193.0,5972.0,996.0
E92000001,England,nation,2020-05-29,45005.0,6250.0,1371.0
E92000001,England,nation,2020-05-28,44789.0,6528.0,1572.0
E92000001,England,nation,2020-05-27,44548.0,6836.0,1609.0
E92000001,England,nation,2020-05-26,44315.0,7305.0,1451.0
E92000001,England,nation,2020-05-25,44055.0,7448.0,1376.0
E92000001,England,nation,2020-05-24,43815.0,7415.0,1200.0
E92000001,England,nation,2020-05-23,43581.0,7428.0,1301.0
E92000001,England,nation,2020-05-22,43326.0,7761.0,1792.0
E92000001,England,nation,2020-05-21,43070.0,7903.0,2266.0
E92000001,England,nation,2020-05-20,42784.0,8115.0,2342.0
E92000001,England,nation,2020-05-19,42481.0,8518.0,2581.0
E92000001,England,nation,2020-05-18,42165.0,8668.0,2207.0
E92000001,England,nation,2020-05-17,41821.0,8611.0,1588.0
E92000001,England,nation,2020-05-16,41505.0,8643.0,1768.0
E92000001,England,nation,2020-05-15,41154.0,9079.0,2129.0
E92000001,England,nation,2020-05-14,40795.0,9231.0,2208.0
E92000001,England,nation,2020-05-13,40422.0,9602.0,2884.0
E92000001,England,nation,2020-05-12,40049.0,9791.0,2918.0
E92000001,England,nation,2020-05-11,39669.0,10109.0,3056.0
E92000001,England,nation,2020-05-10,39314.0,9893.0,2001.0
E92000001,England,nation,2020-05-09,38891.0,10176.0,1793.0
E92000001,England,nation,2020-05-08,38428.0,10249.0,2619.0
E92000001,England,nation,2020-05-07,37946.0,10726.0,3203.0
E92000001,England,nation,2020-05-06,37411.0,11227.0,3259.0
E92000001,England,nation,2020-05-05,36887.0,11754.0,3135.0
E92000001,England,nation,2020-05-04,36350.0,12020.0,2842.0
E92000001,England,nation,2020-05-03,35788.0,12119.0,2632.0
E92000001,England,nation,2020-05-02,35232.0,12314.0,2742.0
E92000001,England,nation,2020-05-01,34642.0,12623.0,4084.0
E92000001,England,nation,2020-04-30,33981.0,12922.0,4304.0
E92000001,England,nation,2020-04-29,33321.0,13224.0,4724.0
E92000001,England,nation,2020-04-28,32622.0,13565.0,4105.0
E92000001,England,nation,2020-04-27,31921.0,14255.0,4022.0
E92000001,England,nation,2020-04-26,31197.0,14174.0,3133.0
E92000001,England,nation,2020-04-25,30434.0,14202.0,3369.0
E92000001,England,nation,2020-04-24,29663.0,14642.0,4345.0
E92000001,England,nation,2020-04-23,28789.0,15402.0,4556.0
E92000001,England,nation,2020-04-22,27896.0,16018.0,4796.0
E92000001,England,nation,2020-04-21,26957.0,16517.0,3976.0
E92000001,England,nation,2020-04-20,26041.0,16654.0,3671.0
E92000001,England,nation,2020-04-19,25049.0,16928.0,3468.0
E92000001,England,nation,2020-04-18,24082.0,16850.0,4102.0
E92000001,England,nation,2020-04-17,23052.0,16728.0,4060.0
E92000001,England,nation,2020-04-16,21945.0,17783.0,4344.0
E92000001,England,nation,2020-04-15,20798.0,17934.0,4215.0
E92000001,England,nation,2020-04-14,19698.0,18552.0,3538.0
E92000001,England,nation,2020-04-13,18618.0,18621.0,3427.0
E92000001,England,nation,2020-04-12,17542.0,18974.0,2937.0
E92000001,England,nation,2020-04-11,16334.0,18604.0,3058.0
E92000001,England,nation,2020-04-10,15131.0,18669.0,3579.0
E92000001,England,nation,2020-04-09,13968.0,18423.0,4053.0
E92000001,England,nation,2020-04-08,12791.0,18152.0,4285.0
E92000001,England,nation,2020-04-07,11505.0,17814.0,4563.0
E92000001,England,nation,2020-04-06,10360.0,17154.0,4366.0
E92000001,England,nation,2020-04-05,9335.0,16657.0,3074.0
E92000001,England,nation,2020-04-04,8272.0,15469.0,3376.0
E92000001,England,nation,2020-04-03,7249.0,13635.0,4079.0
E92000001,England,nation,2020-04-02,6322.0,12135.0,4062.0
E92000001,England,nation,2020-04-01,5430.0,12059.0,4117.0
E92000001,England,nation,2020-03-31,4604.0,11154.0,3780.0
E92000001,England,nation,2020-03-30,3863.0,9852.0,3514.0
E92000001,England,nation,2020-03-29,3232.0,8424.0,2435.0
E92000001,England,nation,2020-03-28,2701.0,7269.0,2368.0
E92000001,England,nation,2020-03-27,2252.0,6462.0,2649.0
E92000001,England,nation,2020-03-26,1836.0,5226.0,2604.0
E92000001,England,nation,2020-03-25,1466.0,4402.0,2258.0
E92000001,England,nation,2020-03-24,1167.0,3598.0,2026.0
E92000001,England,nation,2020-03-23,930.0,3183.0,2010.0
E92000001,England,nation,2020-03-22,742.0,2670.0,1206.0
E92000001,England,nation,2020-03-21,570.0,2152.0,1027.0
E92000001,England,nation,2020-03-20,444.0,1580.0,1084.0
E92000001,England,nation,2020-03-19,335.0,,927.0
E92000001,England,nation,2020-03-18,264.0,,908.0
E92000001,England,nation,2020-03-17,198.0,,680.0
E92000001,England,nation,2020-03-16,144.0,,543.0
E92000001,England,nation,2020-03-15,100.0,,396.0
E92000001,England,nation,2020-03-14,72.0,,315.0
E92000001,England,nation,2020-03-13,53.0,,392.0
E92000001,England,nation,2020-03-12,37.0,,415.0
E92000001,England,nation,2020-03-11,26.0,,351.0
E92000001,England,nation,2020-03-10,19.0,,228.0
E92000001,England,nation,2020-03-09,16.0,,125.0
E92000001,England,nation,2020-03-08,11.0,,50.0
E92000001,England,nation,2020-03-07,9.0,,55.0
E92000001,England,nation,2020-03-06,9.0,,73.0
E92000001,England,nation,2020-03-05,7.0,,46.0
E92000001,England,nation,2020-03-04,5.0,,49.0
E92000001,England,nation,2020-03-03,4.0,,54.0
E92000001,England,nation,2020-03-02,4.0,,38.0
E92000001,England,nation,2020-03-01,3.0,,20.0
E92000001,England,nation,2020-02-29,3.0,,5.0
E92000001,England,nation,2020-02-28,3.0,,11.0
E92000001,England,nation,2020-02-27,3.0,,7.0
E92000001,England,nation,2020-02-26,3.0,,4.0
E92000001,England,nation,2020-02-25,3.0,,5.0
E92000001,England,nation,2020-02-24,3.0,,2.0
E92000001,England,nation,2020-02-23,3.0,,1.0
E92000001,England,nation,2020-02-22,3.0,,0.0
E92000001,England,nation,2020-02-21,2.0,,1.0
E92000001,England,nation,2020-02-20,2.0,,0.0
E92000001,England,nation,2020-02-19,2.0,,0.0
E92000001,England,nation,2020-02-18,2.0,,0.0
E92000001,England,nation,2020-02-17,2.0,,0.0
E92000001,England,nation,2020-02-16,2.0,,0.0
E92000001,England,nation,2020-02-15,2.0,,0.0
E92000001,England,nation,2020-02-14,2.0,,0.0
E92000001,England,nation,2020-02-13,2.0,,0.0
E92000001,England,nation,2020-02-12,2.0,,0.0
E92000001,England,nation,2020-02-11,2.0,,1.0
E92000001,England,nation,2020-02-10,2.0,,0.0
E92000001,England,nation,2020-02-09,2.0,,1.0
E92000001,England,nation,2020-02-08,2.0,,4.0
E92000001,England,nation,2020-02-07,2.0,,0.0
E92000001,England,nation,2020-02-06,2.0,,0.0
E92000001,England,nation,2020-02-05,2.0,,1.0
E92000001,England,nation,2020-02-04,2.0,,0.0
E92000001,England,nation,2020-02-03,2.0,,0.0
E92000001,England,nation,2020-02-02,2.0,,0.0
E92000001,England,nation,2020-02-01,1.0,,0.0
E92000001,England,nation,2020-01-31,1.0,,0.0
E92000001,England,nation,2020-01-30,1.0,,2.0
